actor_episodes,actor_steps,delta_dist,delta_dist_10,delta_dist_100,delta_dist_1000,episode_length,episode_return,final_dist,final_dist_10,final_dist_100,final_dist_1000,init_dist,init_dist_10,init_dist_100,init_dist_1000,min_dist,min_dist_10,min_dist_100,min_dist_1000,steps_per_second,success,success_1000
1,150,0.34518105,0.0,0.0,0.0,150,0.0,0.348058,0.6912891,0.6912891,0.6912891,0.69323903,0.6912891,0.6912891,0.6912891,0.3410278,0.6912891,0.6912891,0.6912891,27.587045157522187,0.0,nan
64,9600,0.01108706,0.09979307,0.16847089,0.16847089,150,0.0,0.6443107,0.58434623,0.514869,0.514869,0.6553978,0.6841394,0.68333995,0.68333995,0.42166457,0.34683543,0.35851702,0.35851702,213.7804490185365,0.0,0.0
132,19800,0.013693571,0.1752474,0.22043915,0.20680982,150,0.0,0.65517294,0.5073178,0.4615897,0.4753879,0.6688665,0.6825651,0.6820287,0.68219775,0.191426,0.24626267,0.3056078,0.32347184,326.6512187916494,0.0,0.0
212,31800,0.21642831,0.22637126,0.27428636,0.23437132,150,0.0,0.48740754,0.45669657,0.4057273,0.44711605,0.70383584,0.6830678,0.68001384,0.6814875,0.20867702,0.30336505,0.26273295,0.30299062,327.4620330842283,0.0,0.0
304,45600,0.049808264,0.24897674,0.2171783,0.22911744,150,0.0,0.61049396,0.4375298,0.46797368,0.45351225,0.6603022,0.6865065,0.6851519,0.6826297,0.27842826,0.3080057,0.3066125,0.30432186,354.5459002508297,0.0,0.0
398,59700,-0.050215244,0.12723841,0.16193055,0.21217223,150,0.0,0.70854914,0.55318475,0.52161294,0.4705903,0.6583339,0.68042314,0.6835436,0.6827625,0.31301397,0.43947998,0.33947062,0.31301394,276.4375490189617,0.0,0.0
476,71400,-0.07801157,-0.041071165,0.08543512,0.18819414,150,0.0,0.780013,0.71724,0.5954744,0.4941901,0.70200145,0.6761688,0.6809095,0.68238425,0.6027591,0.39653373,0.3987653,0.32754952,348.42083927283846,0.0,0.0
566,84900,0.39033595,0.0014024914,0.01094265,0.1620006,150,0.0,0.26661292,0.6777479,0.6678345,0.5198482,0.65694886,0.67915046,0.6787772,0.68184876,0.24855961,0.43569526,0.4490916,0.34719038,362.4743258760025,0.0,0.0
653,97950,0.089064,0.024475913,0.06869724,0.15034044,150,0.0,0.60867655,0.6620536,0.61738515,0.5322267,0.69774055,0.6865295,0.68608236,0.68256706,0.4122197,0.4333631,0.40426242,0.35424373,308.4821288480246,0.0,0.0
738,110700,0.101611435,0.10768149,0.058483053,0.14016241,150,0.0,0.57490534,0.57234657,0.62467176,0.5424004,0.6765168,0.6800281,0.6831549,0.6825628,0.42507428,0.43461102,0.44035983,0.36435345,353.6892381363036,0.0,0.0
833,124950,0.13025731,-0.05554975,0.055163685,0.13019861,150,0.0,0.57951754,0.736265,0.6245538,0.5520931,0.70977485,0.68071526,0.6797173,0.6822917,0.43935624,0.47084713,0.451385,0.37427068,313.48688144268255,0.0,0.0
918,137700,0.21900576,0.004643968,-0.09139178,0.108492136,150,0.0,0.47367483,0.6802452,0.7754837,0.5740371,0.6926806,0.6848892,0.6840919,0.6825292,0.47345057,0.5364975,0.599663,0.3973254,327.4816348222405,0.0,0.0
1014,152100,-0.20242709,-0.07286806,0.0103212055,0.09996115,150,0.0,0.8840967,0.754277,0.67317384,0.5825118,0.6816696,0.681409,0.6834951,0.6824729,0.51904386,0.5871685,0.52657336,0.40763807,302.56810775664724,0.0,0.0
1088,163200,-0.14031208,-0.03235355,-0.028346965,0.08285923,150,0.0,0.84110403,0.7176284,0.7131885,0.59992075,0.70079195,0.68527496,0.68484163,0.68278,0.5398991,0.5279244,0.5492166,0.4237591,312.80622683395524,0.0,0.0
1171,175650,-0.007454872,0.14189892,0.08515899,0.07349575,150,0.0,0.6723869,0.54065835,0.596606,0.60957956,0.664932,0.6825573,0.6817649,0.6830753,0.52795655,0.48898083,0.4939473,0.44026026,280.35367187228456,0.0,0.0
1249,187350,0.17858517,0.12017145,0.13879392,0.06279049,150,0.0,0.4761377,0.5518601,0.5407527,0.61961305,0.65472287,0.6720315,0.67954665,0.6824036,0.44602114,0.49223536,0.48009583,0.45526192,286.2281943681144,0.0,0.0
1328,199200,0.14503944,0.16181087,0.140664,0.05872984,150,0.0,0.5417542,0.51322067,0.53988534,0.62347305,0.6867936,0.67503166,0.68054926,0.6822029,0.50604147,0.46759805,0.47603643,0.46860078,293.78844282397506,0.0,0.0
1413,211950,0.18890175,0.13082159,0.13081467,0.056476664,150,0.0,0.48601672,0.55576336,0.5524462,0.6259945,0.6749185,0.68658495,0.683261,0.6824712,0.45569596,0.49244636,0.47974667,0.47919106,258.89263215591194,0.0,0.0
1487,223050,0.22793025,0.11409326,0.10406317,0.05858281,150,0.0,0.476565,0.5704702,0.57885844,0.62389743,0.70449525,0.68456346,0.6829216,0.6824803,0.47656184,0.4783972,0.48917562,0.48633373,300.9531645387967,0.0,0.0
1561,234150,0.19289488,0.14577027,0.12025235,0.067448825,150,0.0,0.5174836,0.53419507,0.5603579,0.6151107,0.71037847,0.6799654,0.68061036,0.68255955,0.49065986,0.47595793,0.48499432,0.48783952,281.8318323699215,0.0,0.0
1642,246300,0.13200605,0.15575966,0.14201266,0.07244876,150,0.0,0.5367695,0.53713655,0.53787345,0.60964733,0.66877556,0.69289625,0.67988616,0.6820961,0.5296869,0.48862115,0.47938934,0.4945578,290.65427814305195,0.0,0.0
1721,258150,0.0017118454,0.10921319,0.12699457,0.077947445,150,0.0,0.66846436,0.573934,0.5562896,0.60405314,0.6701762,0.68314725,0.68328404,0.68200064,0.47966677,0.5028901,0.48341236,0.49817815,288.95757761698695,0.0,0.0
1799,269850,0.15174389,0.10227017,0.10237588,0.07984571,150,0.0,0.53696245,0.5800029,0.5785778,0.60236,0.68870634,0.6822731,0.68095374,0.6822057,0.47621605,0.482026,0.48097512,0.50020057,262.1937075570577,0.0,0.0
1880,282000,0.00014781952,0.13798249,0.1189845,0.09343436,150,0.0,0.69752246,0.5405398,0.5617025,0.58850425,0.6976703,0.6785223,0.68068695,0.6819386,0.5174556,0.467034,0.48286015,0.4955896,313.2016033804006,0.0,0.0
1957,293550,0.21516272,0.11100396,0.10794218,0.10284874,150,0.0,0.48147675,0.56537676,0.57189524,0.5787007,0.6966395,0.6763807,0.67983747,0.68154955,0.4814666,0.47703427,0.4781222,0.48937824,295.43843436022564,0.0,0.0
2035,305250,-0.003993988,0.10455378,0.12071442,0.11523082,150,0.0,0.66509587,0.5854222,0.5609678,0.5662804,0.6611019,0.6899761,0.6816822,0.6815112,0.5202009,0.49544144,0.48285508,0.48511204,271.89506328632524,0.0,0.0
2114,317100,0.1740878,0.092278056,0.10926082,0.12176102,150,0.0,0.4852154,0.58385676,0.5717631,0.5594445,0.6593032,0.6761348,0.6810238,0.6812055,0.48521465,0.47359484,0.48661426,0.48192188,326.53084950515296,0.0,0.0
2196,329400,0.14226443,0.12682398,0.104504585,0.11842896,150,0.0,0.5420919,0.5523524,0.5763433,0.56288254,0.68435633,0.67917645,0.680848,0.68131155,0.48329377,0.45232192,0.4706515,0.48122418,281.19131378023616,0.0,0.0
2273,340950,0.11643171,0.14236371,0.11153579,0.11639317,150,0.0,0.53925514,0.5351367,0.5720375,0.5653844,0.65568686,0.6775005,0.68357325,0.6817776,0.35229072,0.43954626,0.46099472,0.47969064,297.4571174612781,0.0,0.0
2356,353400,0.11698431,0.16183531,0.15867376,0.11857988,150,0.0,0.54323107,0.5275472,0.5234098,0.5631418,0.6602154,0.68938255,0.6820836,0.6817217,0.4127043,0.459606,0.39720944,0.47323778,287.1620351014283,0.0,0.0
2435,365250,0.16979337,0.111485705,0.12980573,0.118863165,150,0.0,0.5304521,0.5709373,0.5498014,0.5626486,0.70024544,0.682423,0.67960715,0.68151176,0.52179796,0.4706019,0.42678452,0.46940738,299.2168420572033,0.0,0.0
2516,377400,0.1444543,0.13786907,0.11339456,0.11974078,150,0.0,0.5399436,0.5465841,0.5690125,0.56184,0.6843979,0.6844532,0.6824071,0.6815808,0.37783524,0.47529015,0.46718147,0.46847075,301.4129594825137,0.0,0.0
2601,390150,-0.2624426,0.10521605,0.092791975,0.11555082,150,0.0,0.93484646,0.57520974,0.5863539,0.5660054,0.6724039,0.6804259,0.6791459,0.6815563,0.3973106,0.45567217,0.46164936,0.46677485,319.9257984598299,0.0,0.0
2691,403650,0.17703539,0.058705695,0.08424002,0.11117418,150,0.0,0.51487374,0.62022287,0.5954467,0.5701547,0.69190913,0.6789285,0.6796867,0.68132883,0.5148568,0.51202583,0.4775959,0.4668695,306.12244302160997,0.0,0.0
2766,414900,-0.23906004,0.051628195,0.08975816,0.110990636,150,0.0,0.9450961,0.62719816,0.593316,0.5706058,0.70603603,0.6788264,0.6830741,0.68159646,0.535587,0.47641954,0.47134316,0.46550745,293.12034767489155,0.0,0.0
2847,427050,0.18098384,0.058001768,0.05557716,0.10580391,150,0.0,0.5047372,0.62312126,0.6239983,0.57559544,0.68572104,0.68112296,0.6795753,0.68139935,0.39211413,0.47982112,0.46767357,0.46377802,291.800269284624,0.0,0.0
2939,440850,-0.06699389,0.109529436,0.05554588,0.10099825,150,0.0,0.72451824,0.5801997,0.62718844,0.5806286,0.65752435,0.68972915,0.68273425,0.68162686,0.37443203,0.42026252,0.46500194,0.46238607,331.14582044891716,0.0,0.0
3032,454800,-0.05242884,0.046223976,0.050122246,0.09365776,150,0.0,0.7059625,0.6352645,0.63140017,0.5880184,0.65353364,0.6814885,0.6815224,0.68167615,0.35521975,0.38713044,0.39218247,0.4539779,343.8076215821873,0.0,0.0
3118,467700,-0.03598088,-0.009329933,0.024524117,0.08586151,150,0.0,0.7073761,0.68615204,0.65586126,0.59573495,0.67139524,0.6768221,0.6803854,0.6815965,0.3780455,0.38144305,0.41084626,0.4473595,341.00642450515375,0.0,0.0
3214,482100,-0.061656892,0.049556375,0.030774945,0.07951011,150,0.0,0.74823195,0.64294845,0.64957404,0.6018968,0.68657506,0.69250476,0.680349,0.6814069,0.6847269,0.46336776,0.4395065,0.44457316,319.72582105799165,0.0,0.0
3305,495750,0.15413356,0.06372453,0.09444022,0.076565675,150,0.0,0.543811,0.61357963,0.5868042,0.6045469,0.6979446,0.67730415,0.6812446,0.6811125,0.33105415,0.3912593,0.39592567,0.44202936,319.0524560085886,0.0,0.0
3395,509250,-0.06600118,0.086852506,0.09470674,0.072524935,150,0.0,0.72309786,0.6007,0.5879726,0.60866845,0.6570967,0.6875526,0.6826793,0.68119335,0.29382113,0.43788347,0.4031757,0.44109342,341.4207631294472,0.0,0.0
3477,521550,-0.037884295,0.11891337,0.09532452,0.07100384,150,0.0,0.73483515,0.5642818,0.5854065,0.61015296,0.69695085,0.6831952,0.680731,0.68115675,0.3648314,0.4339519,0.40569484,0.4355064,305.00731314868744,0.0,0.0
3571,535650,0.07224882,-0.0043735625,0.09289858,0.0708192,150,0.0,0.6027819,0.6911471,0.5896948,0.61054504,0.6750307,0.68677354,0.6825934,0.68136424,0.32601535,0.42995328,0.3957246,0.4289989,322.7286367434624,0.0,0.0
3656,548400,-0.047588825,0.035974424,0.051854536,0.0679301,150,0.0,0.74071425,0.6513654,0.6291983,0.6135256,0.6931254,0.68733984,0.68105286,0.6814558,0.376854,0.42539993,0.38130012,0.42101598,339.616273841186,0.0,0.0
3741,561150,-0.019719899,0.032364577,0.037708092,0.063061684,150,0.0,0.72521573,0.6487349,0.6438843,0.6182078,0.70549583,0.68109953,0.6815922,0.6812695,0.4212096,0.3532377,0.3806075,0.41245922,320.65040783001,0.0,0.0
3836,575400,-0.0728122,0.03110767,0.02907099,0.06024049,150,0.0,0.744756,0.65153605,0.65410256,0.621273,0.6719438,0.6826437,0.6831736,0.6815135,0.31763884,0.4406279,0.38789296,0.40537065,364.77558737600356,0.0,0.0
3930,589500,-0.028516471,0.06092888,0.060054626,0.061475582,150,0.0,0.70562285,0.6194569,0.6218905,0.62002987,0.6771064,0.68038577,0.6819452,0.6815055,0.3284645,0.3888726,0.4138718,0.40005395,303.1837041534747,0.0,0.0
4014,602100,-0.0370273,0.063112915,0.06398416,0.06276042,150,0.0,0.7165863,0.60816324,0.6158677,0.6185326,0.679559,0.6712762,0.67985183,0.6812931,0.3686842,0.3361375,0.35509792,0.39624822,334.5195305687536,0.0,0.0
4102,615300,0.08878589,0.16507936,0.11166252,0.07043709,150,0.0,0.6133122,0.5133607,0.56801134,0.6106697,0.7020981,0.6784401,0.67967385,0.6811067,0.4544956,0.32707474,0.348625,0.39099336,316.7983081145044,0.0,0.002
4185,627750,0.006853044,0.059456654,0.12139524,0.07911947,150,0.0,0.7004795,0.6263279,0.55957377,0.60214096,0.70733255,0.6857845,0.68096894,0.68126047,0.37431055,0.37367424,0.3504748,0.38396564,352.4015170483093,0.0,0.002
4270,640500,0.29693854,0.14640956,0.19247408,0.08815863,150,0.0,0.3878584,0.54082406,0.4894391,0.59315425,0.6847969,0.68723357,0.6819134,0.68131286,0.34569007,0.39549345,0.3599164,0.3793479,314.68577219221703,0.0,0.002
4351,652650,0.278254,0.13298054,0.18892607,0.09654788,150,0.0,0.39619055,0.54312766,0.4941558,0.5848739,0.67444456,0.6761082,0.6830818,0.68142176,0.31481984,0.4232007,0.3790764,0.3787135,286.2421284570297,0.0,0.002
4437,665550,-0.019524693,0.20305757,0.18130909,0.10363194,150,0.0,0.7062914,0.47303924,0.5002598,0.57768893,0.6867667,0.6760968,0.68156886,0.68132085,0.34794322,0.32322663,0.3708747,0.3747285,315.955738266392,0.0,0.002
4522,678300,-0.22263956,-0.025802765,0.11402257,0.10333289,150,0.0,0.914109,0.7035397,0.5655069,0.578088,0.69146943,0.67773706,0.67952937,0.6814209,0.36774787,0.3450793,0.35380772,0.3722437,330.8741417801537,0.0,0.002
4606,690900,0.27813473,0.12800317,0.15323775,0.113590546,150,0.0,0.42415932,0.5548478,0.5267631,0.5676278,0.70229405,0.68285096,0.68000084,0.6812184,0.37770155,0.36645898,0.34671187,0.36800182,326.63409042295814,0.0,0.002
4686,702900,0.21488285,0.25985253,0.20217751,0.1254469,150,0.0,0.4510708,0.42734423,0.47982872,0.5558715,0.66595364,0.68719673,0.68200624,0.6813183,0.30481175,0.36445838,0.3502509,0.36546272,306.08789062785064,0.0,0.002
4772,715800,-0.008813679,0.22476575,0.22624205,0.14135209,150,0.0,0.7249008,0.46099466,0.45942062,0.5401699,0.7160871,0.6857604,0.6856625,0.68152195,0.41346732,0.34756586,0.3660038,0.3643874,314.2963763370116,0.0,0.002
4852,727800,0.20836994,0.25176513,0.23363586,0.15812561,150,0.0,0.46225056,0.4299275,0.4514336,0.5235177,0.6706205,0.68169266,0.68506944,0.6816433,0.31487748,0.3339424,0.3494399,0.35997206,280.3050831297619,0.0,0.002
4936,740400,0.32206303,0.208479,0.22872537,0.16976878,150,0.0,0.38753718,0.47216496,0.45442447,0.51203406,0.7096002,0.680644,0.6831497,0.68180287,0.38391563,0.3330922,0.34358355,0.3558646,288.4661781758209,0.0,0.002
5018,752700,0.2505391,0.24656644,0.2247284,0.18374287,150,0.0,0.42481127,0.43981165,0.46045434,0.49859825,0.67535037,0.6863781,0.68518275,0.68234104,0.32482794,0.34433633,0.34820893,0.35577658,298.1978608662515,0.0,0.002
5100,765000,0.19644743,0.24528849,0.23513027,0.1931028,150,0.0,0.45827597,0.4448327,0.44889656,0.4895422,0.6547234,0.6901212,0.6840268,0.6826449,0.2860627,0.36413303,0.3474995,0.355766,341.6252494400326,0.0,0.0
5185,777750,0.31487587,0.24929757,0.2241208,0.20141514,150,0.0,0.39808038,0.42632475,0.45890617,0.48136917,0.71295625,0.6756223,0.6830269,0.6827843,0.3879624,0.3245282,0.3487991,0.35547498,314.10211797621264,0.0,0.0
5265,789750,0.258165,0.26875415,0.2502078,0.20509738,150,0.0,0.4452659,0.41602278,0.42976165,0.47760653,0.7034309,0.68477696,0.6799695,0.6827039,0.3797285,0.32937223,0.34284005,0.35392022,301.51985472886025,0.0,0.0
5339,800850,0.22474054,0.21647635,0.21400416,0.20611426,150,0.0,0.43778345,0.4678101,0.4660339,0.47633,0.662524,0.6842865,0.6800381,0.6824443,0.29718336,0.34646714,0.3500989,0.35193866,289.59561279025934,0.0,0.0
5424,813600,0.21570277,0.22998147,0.20628057,0.20843862,150,0.0,0.45025814,0.45646328,0.47507194,0.47392982,0.6659609,0.68644476,0.6813526,0.6823684,0.45005625,0.37385076,0.3492312,0.34991693,312.23958966621916,0.0,0.0
5507,826050,0.0010350347,0.22041133,0.22416817,0.21534105,150,0.0,0.65732336,0.46740332,0.46057883,0.46744537,0.6583584,0.68781465,0.6847469,0.6827864,0.38615146,0.36153665,0.3527938,0.35017097,303.3515237837165,0.0,0.0
5581,837150,0.23044509,0.2531123,0.2272603,0.22365835,150,0.0,0.43173695,0.43039078,0.4583379,0.4594624,0.66218203,0.6835031,0.6855982,0.6831207,0.29636234,0.35269126,0.35898253,0.35072893,297.9971552357446,0.0,0.0
5664,849600,0.20502111,0.277363,0.21739674,0.22518225,150,0.0,0.46163544,0.40898314,0.46178603,0.45785296,0.66665655,0.6863462,0.6791829,0.6830352,0.3061694,0.33522967,0.35301942,0.35133198,289.4822182181593,0.0,0.0
5746,861900,0.18665755,0.2627422,0.22546768,0.22488461,150,0.0,0.46927434,0.4135949,0.4551112,0.45763254,0.6559319,0.67633706,0.680579,0.6825171,0.2900918,0.31569228,0.3508154,0.3499563,303.19071728249776,0.0,0.0
5824,873600,0.26833233,0.21960953,0.22473207,0.2241266,150,0.0,0.3960078,0.45732412,0.45604035,0.4580402,0.66434014,0.67693365,0.6807725,0.6821669,0.30068094,0.32603732,0.34333512,0.34930256,277.9978710909797,0.0,0.0
5906,885900,0.24246404,0.22767751,0.2291528,0.22432572,150,0.0,0.43179807,0.44841155,0.4493584,0.45743874,0.6742621,0.67608905,0.6785112,0.6817645,0.3226888,0.32387704,0.33859038,0.34874377,301.9402248718131,0.0,0.0
5986,897900,-0.0017212033,0.18063293,0.21754818,0.22368485,150,0.0,0.71075284,0.50487554,0.46452907,0.4580242,0.70903164,0.6855085,0.68207717,0.68170905,0.30944568,0.35740656,0.35051167,0.34934962,284.45987738050025,0.0,0.0
6063,909450,0.17828995,0.1676213,0.21430868,0.22262417,150,0.0,0.48834705,0.5273928,0.47135556,0.45925876,0.666637,0.6950141,0.6856643,0.68188286,0.3061981,0.38543096,0.35991687,0.35035205,308.35482495478675,0.0,0.0
6144,921600,0.22915703,0.2357215,0.22228624,0.2238845,150,0.0,0.43928504,0.44843498,0.46326435,0.45786065,0.6684421,0.6841565,0.68555063,0.6817452,0.43928504,0.34733975,0.35631484,0.35031745,290.2171927500318,0.0,0.0
6224,933600,0.30423576,0.22320604,0.23367019,0.22250523,150,0.0,0.3895238,0.46608296,0.44895217,0.45949882,0.69375956,0.689289,0.6826223,0.68200403,0.38381404,0.3784203,0.3574766,0.35211587,300.0427783921906,0.0,0.0
6303,945450,0.14827782,0.15988845,0.20852575,0.22064945,150,0.0,0.56124055,0.5204509,0.47412223,0.4614983,0.7095184,0.6803394,0.682648,0.68214774,0.38789138,0.3552602,0.36426148,0.35319337,308.0287296388232,0.0,0.0
6384,957600,0.24452278,0.2105747,0.20335667,0.221105,150,0.0,0.43596408,0.47290426,0.47882855,0.46119022,0.68048686,0.68347895,0.68218523,0.6822952,0.41820797,0.38147515,0.36582717,0.35489178,306.90238860167824,0.0,0.0
6466,969900,0.20362303,0.17791788,0.20729902,0.21926324,150,0.0,0.45402333,0.50850505,0.4787694,0.46344468,0.65764636,0.68642294,0.6860684,0.6827079,0.28739405,0.38916862,0.37586352,0.35763988,278.77712075256835,0.0,0.0
6542,981300,0.27829158,0.26316375,0.21464342,0.21996628,150,0.0,0.38709885,0.40716705,0.47040412,0.46249163,0.66539043,0.67033076,0.6850474,0.68245786,0.34029892,0.33428484,0.3789098,0.3587728,304.3389464182662,0.0,0.0
6623,993450,0.27323136,0.21069412,0.22547941,0.21909955,150,0.0,0.38408646,0.46935758,0.45662144,0.46362752,0.6573178,0.6800517,0.6821008,0.68272704,0.2866321,0.35493702,0.3591266,0.35912213,309.59208257552496,0.0,0.0
6706,1005900,0.24808928,0.21436954,0.22175664,0.21923757,150,0.0,0.42825654,0.46772975,0.46260208,0.4637347,0.6763458,0.68209934,0.68435866,0.6829723,0.38712132,0.39290357,0.37644997,0.36127046,288.20295053355596,0.0,0.001
6788,1018200,0.2549395,0.23838583,0.22074041,0.21906957,150,0.0,0.41883302,0.44795218,0.4640703,0.46437493,0.6737725,0.68633795,0.68481064,0.6834445,0.3657658,0.36433166,0.37611347,0.36361256,275.59196947025,0.0,0.001
6867,1030050,0.17524508,0.22686128,0.22202219,0.21849203,150,0.0,0.48044285,0.4522168,0.4630034,0.4654262,0.6556879,0.6790781,0.68502545,0.6839183,0.2897868,0.377495,0.38064831,0.36713332,289.0240826757528,0.0,0.001
6944,1041600,0.21645549,0.1876208,0.22049347,0.21816093,150,0.0,0.48814717,0.4977726,0.46045044,0.46574518,0.70460266,0.68539345,0.6809439,0.68390614,0.34029865,0.35906678,0.35207272,0.3666142,317.95376132100694,0.0,0.001
7036,1055400,0.22102058,0.23219922,0.23258944,0.22023503,150,0.0,0.43701065,0.44307256,0.44623622,0.4631855,0.6580312,0.67527175,0.6788257,0.68342054,0.2872867,0.3387882,0.32998735,0.36397824,295.2428103426511,0.0,0.001
7115,1067250,0.25715357,0.19549796,0.23389354,0.22130603,150,0.0,0.4272542,0.48730654,0.4496543,0.46196318,0.6844078,0.68280447,0.6835479,0.68326914,0.41561636,0.34910557,0.34321037,0.3626233,279.497412026447,0.0,0.001
7197,1079550,0.1993146,0.22529808,0.2129347,0.21990275,150,0.0,0.4579963,0.45366916,0.46914327,0.46347117,0.6573109,0.67896724,0.682078,0.6833739,0.30867276,0.3323408,0.3552697,0.36309516,322.1172696306544,0.0,0.001
7284,1092600,0.25317198,0.29342976,0.22064525,0.22026071,150,0.0,0.4485157,0.39708763,0.46299917,0.46306446,0.7016877,0.6905173,0.6836444,0.6833252,0.26654375,0.3321554,0.34354106,0.36137304,290.90855285912187,0.0,0.001
7363,1104450,0.28225324,0.22921388,0.20608936,0.22019699,150,0.0,0.39598057,0.45452014,0.47616386,0.46313122,0.6782338,0.683734,0.68225324,0.6833283,0.26296857,0.34907436,0.31740782,0.35643107,306.972917983035,0.0,0.001
7445,1116750,-0.2815361,0.19291492,0.22670026,0.22378814,150,0.0,0.9383973,0.48434392,0.45332158,0.45904005,0.6568612,0.67725885,0.6800219,0.6828282,0.189992,0.2582307,0.27899975,0.3478062,288.1378784770056,0.0,0.001
7528,1129200,0.4196401,0.38268954,0.303449,0.23268433,150,0.0,0.240311,0.29322845,0.3752271,0.44947362,0.6599511,0.675918,0.6786761,0.68215793,0.1928087,0.18824638,0.222263,0.33373576,314.93812822874537,0.0,0.001
7611,1141650,0.24191111,0.356899,0.2876223,0.23676498,150,0.0,0.42098534,0.32580227,0.3929701,0.44533795,0.66289645,0.6827013,0.6805924,0.6821029,0.2483605,0.22443151,0.24384391,0.32486627,333.22030828191856,0.0,0.001
7698,1154700,0.37232634,0.21269758,0.2764297,0.24064337,150,0.0,0.29951397,0.47795478,0.4067937,0.44156387,0.6718403,0.6906524,0.6832234,0.6822072,0.23204109,0.31831902,0.2681913,0.31683028,320.72788891619064,0.0,0.0
7780,1167000,0.37496033,0.34121722,0.32596877,0.25075507,150,0.0,0.28203925,0.32948312,0.35338324,0.43077224,0.6569996,0.67070043,0.679352,0.68152726,0.20626962,0.22682865,0.24942017,0.3053005,288.4304715640821,0.0,0.0
7862,1179300,0.14652538,0.26903403,0.31025353,0.2576298,150,0.0,0.50833803,0.4153823,0.37046146,0.42369255,0.6548634,0.68441635,0.680715,0.6813224,0.18989427,0.22021937,0.24628195,0.29424328,318.8181829238135,0.0,0.0
7948,1192200,0.24709633,0.1078588,0.2466296,0.25979096,150,0.0,0.45416203,0.57713425,0.4343645,0.42143136,0.70125836,0.6849931,0.6809941,0.6812223,0.21075615,0.37471738,0.26216227,0.28730914,299.8347239776048,0.0,0.0
8035,1205250,0.33022493,0.27388072,0.2784163,0.26534364,150,0.0,0.36069602,0.41318923,0.40314448,0.41612273,0.69092095,0.68707,0.68156075,0.68146634,0.2856216,0.32408723,0.25506562,0.2806327,313.0373517894726,0.0,0.0
8121,1218150,0.39939532,0.35785875,0.3205633,0.2741163,150,0.0,0.281822,0.3202777,0.36011803,0.40687597,0.6812173,0.67813647,0.6806814,0.68099225,0.24839482,0.21446228,0.23012882,0.26964238,329.3250816971654,0.0,0.0
8202,1230300,0.42832094,0.32763714,0.33457446,0.28298205,150,0.0,0.23790872,0.34656578,0.3456723,0.39787647,0.66622967,0.6742029,0.6802467,0.68085855,0.21858744,0.22622776,0.2314951,0.25987154,303.2987312127261,0.0,0.0
8286,1242900,0.47961235,0.29056007,0.27585742,0.2865972,150,0.0,0.22561868,0.39126077,0.40685624,0.3941707,0.705231,0.6818208,0.6827136,0.68076795,0.22541839,0.29557186,0.26749703,0.25412342,271.9856888226783,0.0,0.0
8371,1255650,0.42725053,0.24001607,0.24429718,0.29036653,150,0.0,0.24926302,0.43433458,0.43672177,0.39035186,0.67651355,0.6743506,0.68101907,0.68071836,0.2485619,0.23313877,0.26360804,0.25022295,305.22794134769885,0.0,0.0
8455,1268250,0.3726902,0.30970165,0.30526716,0.29413995,150,0.0,0.29548383,0.36890325,0.3762459,0.38688672,0.668174,0.6786049,0.6815129,0.68102676,0.2102582,0.23211364,0.24485677,0.24912597,304.39460538252195,0.0,0.0
8534,1280100,0.4048245,0.34006453,0.30109355,0.29296866,150,0.0,0.31125855,0.3407014,0.37969017,0.38815936,0.71608305,0.680766,0.6807837,0.681128,0.23398027,0.23387651,0.2586914,0.25276938,322.4667869443989,0.0,0.0
8616,1292400,0.21211499,0.24872541,0.24354002,0.2896392,150,0.0,0.45366347,0.42091164,0.4367519,0.3913391,0.66577846,0.6696371,0.6802919,0.6809783,0.45157668,0.24898908,0.2609903,0.25360218,303.85037600630164,0.0,0.0
8696,1304400,0.14198625,0.08403382,0.120536305,0.27486843,150,0.0,0.52334726,0.60245574,0.5595744,0.4059013,0.6653335,0.6864897,0.68011075,0.6807698,0.39750132,0.44123966,0.37604374,0.2637995,317.5979201898079,0.0,0.0
8784,1317600,0.119550705,0.24282451,0.123190135,0.25807822,150,0.0,0.536113,0.44101745,0.5624622,0.4232094,0.6556637,0.68384194,0.6856523,0.6812876,0.31848377,0.39472455,0.3969635,0.27659222,310.3977944655412,0.0,0.0
8867,1330050,0.22080547,0.1499902,0.14469528,0.24401179,150,0.0,0.48252308,0.5367437,0.53524315,0.43708017,0.70332855,0.68673384,0.67993855,0.6810919,0.3606381,0.3332387,0.37245625,0.2865323,334.7491345890881,0.0,0.0
8950,1342500,0.34515536,0.19607164,0.2120578,0.2434245,150,0.0,0.32559615,0.47970867,0.47176376,0.43791386,0.6707515,0.67578036,0.68382156,0.68133837,0.32545546,0.34469542,0.3270828,0.29068783,287.3191427175288,0.0,0.0
9032,1354800,0.034386694,0.0694105,0.17037489,0.23080334,150,0.0,0.67349887,0.6141571,0.51232034,0.45068407,0.70788556,0.68356746,0.68269515,0.68148744,0.32104498,0.46764666,0.35369545,0.30005586,296.5368365286542,0.0,0.0
9118,1367700,0.35813543,0.08368173,0.14002174,0.21518819,150,0.0,0.32418934,0.5892395,0.54327464,0.46656218,0.68232477,0.6729213,0.6832964,0.68175036,0.30753487,0.40527564,0.36956882,0.31166545,299.2411782332209,0.0,0.0
9199,1379850,0.1329863,0.073585644,0.16808674,0.20265527,150,0.0,0.5595421,0.6124447,0.51771855,0.47945228,0.6925284,0.6860303,0.68580526,0.68210757,0.43523628,0.3465261,0.3598982,0.32158464,294.15711929261533,0.0,0.0
9282,1392300,0.09469277,0.085762106,0.10176959,0.19032691,150,0.0,0.580837,0.587722,0.5767169,0.49130726,0.6755298,0.6734841,0.6784866,0.6816341,0.25492328,0.40725702,0.35901767,0.32841387,285.71968348313874,0.0,0.0
9365,1404750,0.25597093,0.1739819,0.14525783,0.18278891,150,0.0,0.4335483,0.50585496,0.53794456,0.49922517,0.6895192,0.67983687,0.6832024,0.68201405,0.3934349,0.3130144,0.33067694,0.33343425,301.93921052290585,0.0,0.002
9441,1416150,0.024812698,0.11385293,0.17856441,0.17188275,150,0.0,0.67700195,0.5702033,0.50506335,0.51033527,0.70181465,0.68405634,0.6836278,0.682218,0.41440523,0.34637818,0.33738232,0.34140518,344.47872008410127,0.0,0.002
9531,1429650,0.3007043,0.13284388,0.11890551,0.15811326,150,0.0,0.3668775,0.54855275,0.5639545,0.5242709,0.6675818,0.6813966,0.68286,0.68238413,0.2565629,0.31900835,0.37211773,0.35043228,294.32225178797984,0.0,0.003
9612,1441800,0.03982359,0.09540532,0.17502698,0.15444966,150,0.0,0.65519595,0.5777117,0.5068712,0.5280995,0.69501954,0.67311704,0.6818981,0.6825491,0.28269047,0.3997015,0.33201036,0.35656482,309.4810628140518,0.0,0.003
9694,1454100,0.0032713413,0.20854959,0.13042384,0.15570022,150,0.0,0.6712026,0.4778064,0.5521688,0.5271439,0.67447394,0.68635595,0.68259263,0.68284416,0.38495633,0.3630218,0.40379113,0.35831317,331.56850417105187,0.0,0.003
9772,1465800,0.16473556,0.11802437,0.11050278,0.15386327,150,0.0,0.5231229,0.55128276,0.5673897,0.5282963,0.68785846,0.6693071,0.6778925,0.68215954,0.39074534,0.47698927,0.43439788,0.36264923,300.88652507708133,0.0,0.003
9860,1479000,0.03645891,0.04227262,0.10069911,0.15027669,150,0.0,0.62655234,0.6398495,0.57796526,0.53200465,0.66301125,0.68212205,0.67866445,0.6822814,0.3977507,0.43135267,0.43979374,0.36772826,309.17294001614795,0.0,0.003
9947,1492050,0.3015292,0.114973806,0.110413745,0.14110123,150,0.0,0.39263704,0.5725161,0.5751859,0.54128206,0.69416624,0.6874899,0.68559957,0.6823833,0.34796706,0.37884837,0.43403187,0.3768654,281.5105159443946,0.0,0.003
10031,1504650,0.016408086,0.056143455,0.1334853,0.1387149,150,0.0,0.63900506,0.625697,0.54997164,0.5437582,0.65541315,0.6818405,0.683457,0.6824731,0.31762064,0.40116557,0.36674082,0.37752742,304.82687514777535,0.0,0.005
10108,1516200,0.27150872,0.09452134,0.10646534,0.13515064,150,0.0,0.4357976,0.5980533,0.5749348,0.5470946,0.7073063,0.6925746,0.68140006,0.6822453,0.36209348,0.45869032,0.4012523,0.38137063,316.55825336510594,0.0,0.005
10195,1529250,0.039955914,0.06657568,0.09384761,0.12913744,150,0.0,0.6603211,0.6063082,0.587431,0.55269593,0.70027703,0.6728839,0.6812786,0.6818334,0.28553206,0.35443112,0.38375354,0.38240972,320.3762556835802,0.0,0.006
10278,1541700,-0.0155056715,0.09729619,0.099734165,0.1283468,150,0.0,0.67221063,0.58406574,0.5795418,0.55375856,0.65670496,0.6813619,0.6792759,0.68210536,0.2521542,0.3746022,0.38488415,0.38515222,320.52658124665663,1.0,0.008
10368,1555200,0.22413492,0.06406482,0.07858279,0.12176735,150,0.0,0.4387409,0.61435634,0.6022451,0.5599938,0.66287583,0.6784211,0.68082786,0.6817611,0.320425,0.37106824,0.39083183,0.39015442,311.59673954064726,0.0,0.009
10451,1567650,0.3615144,0.19692531,0.100537,0.1156504,150,0.0,0.3239655,0.48249942,0.57679737,0.5655235,0.6854799,0.6794247,0.6773343,0.6811739,0.31511572,0.34951818,0.37057602,0.39245364,299.5258208631203,0.0,0.01
10530,1579500,0.10737491,0.14663464,0.14687444,0.117299125,150,9.0,0.5502168,0.5360931,0.5340393,0.56388575,0.6575917,0.68272775,0.68091375,0.6811848,0.40406895,0.37041754,0.35484713,0.3908542,311.9807082852123,0.0,0.015
10614,1592100,0.28489718,0.06046776,0.103900805,0.10907264,150,0.0,0.3923495,0.61190397,0.57594013,0.5718071,0.6772467,0.6723717,0.6798409,0.6808798,0.36172286,0.48420587,0.38373154,0.39507347,311.771996271495,0.0,0.031
10697,1604550,0.09004122,0.19542977,0.1137053,0.1084344,150,0.0,0.6188352,0.4954905,0.5658916,0.57219386,0.70887643,0.69092023,0.67959696,0.6806283,0.28631252,0.33549392,0.35060933,0.38877717,312.7628414366064,0.0,0.038
10779,1616850,0.12850362,0.21093962,0.17247935,0.11478592,150,0.0,0.5449979,0.4697032,0.5086058,0.5661047,0.6735015,0.6806428,0.6810851,0.6808907,0.3455857,0.3672099,0.34419528,0.38059598,275.81620950517134,0.0,0.039
10863,1629450,0.4167245,0.13743392,0.16002567,0.119871244,150,0.0,0.26101917,0.5380615,0.5215204,0.561131,0.6777437,0.67549545,0.681546,0.6810022,0.25665933,0.32633933,0.3243142,0.3708883,323.10188192819965,0.0,0.048
10945,1641750,0.2901148,0.18991803,0.19043683,0.12705737,150,0.0,0.42316988,0.4867889,0.49146634,0.55362326,0.7132847,0.6767069,0.68190324,0.68068063,0.31176528,0.3373562,0.3271405,0.3618726,304.785527152092,0.0,0.052
11027,1654050,0.3140515,0.26018304,0.20721169,0.13284686,150,0.0,0.3949312,0.42549592,0.47386855,0.5476714,0.7089827,0.68567884,0.6810802,0.68051827,0.38269776,0.31056124,0.32593575,0.35937372,319.22988517994764,0.0,0.051
11108,1666200,0.19035953,0.18845788,0.23433365,0.1439811,150,0.0,0.5204851,0.4967896,0.4483068,0.5367698,0.71084464,0.68524754,0.6826404,0.6807509,0.28214645,0.32729095,0.32028806,0.3521575,289.9984742880664,0.0,0.051
11200,1680000,0.25469184,0.16049619,0.19131403,0.1515355,150,0.0,0.41528767,0.5200675,0.48893315,0.5290996,0.6699795,0.6805636,0.6802471,0.68063515,0.26124385,0.33998832,0.33228606,0.34854382,291.45542968377225,0.0,0.05
11278,1691700,0.37829506,0.16774796,0.17422606,0.1567722,150,0.0,0.3183843,0.5118099,0.50365096,0.5235576,0.69667935,0.67955786,0.67787695,0.68032986,0.2646017,0.37698516,0.32663405,0.3432971,290.49055223833733,0.0,0.049
11354,1703100,0.2739632,0.18493228,0.20124587,0.16744381,150,0.0,0.38687563,0.49916473,0.4812459,0.5131821,0.66083884,0.68409693,0.68249184,0.680626,0.251016,0.34057263,0.3201336,0.3370953,285.38400894873257,0.0,0.045
11432,1714800,0.29466513,0.3007286,0.22959445,0.17897555,150,0.0,0.36426082,0.38249508,0.45172414,0.50184816,0.65892595,0.6832236,0.6813186,0.68082374,0.24761115,0.28338373,0.30663678,0.33199474,297.0669421651499,0.0,0.044
11520,1728000,0.01786226,0.11392454,0.19211334,0.18040572,150,0.0,0.6551719,0.5796074,0.4922102,0.5006689,0.67303413,0.693532,0.68432343,0.68107456,0.4245373,0.31907243,0.3077948,0.3291742,315.1484185865483,0.0,0.041
11599,1739850,-0.03683889,0.24234569,0.1898028,0.18866406,150,0.0,0.6900203,0.43168813,0.49363068,0.49251503,0.65318143,0.67403376,0.6834335,0.6811791,0.272335,0.24675854,0.31438136,0.32410043,326.3995617193385,0.0,0.028
11679,1751850,0.28735662,0.17307243,0.23968889,0.19925521,150,0.0,0.42870694,0.50432765,0.43836725,0.4819274,0.71606356,0.6774001,0.6780561,0.68118256,0.21471556,0.29309264,0.28219256,0.31869116,336.9104694930965,0.0,0.016
11771,1765650,0.3342929,0.19890611,0.19066785,0.2003279,150,0.0,0.36269534,0.4773373,0.49051204,0.48085672,0.6969882,0.6762434,0.6811799,0.68118465,0.2517338,0.29418677,0.30302355,0.31601045,306.5122929754774,0.0,0.016
11847,1777050,0.23188499,0.1978953,0.22445431,0.20516038,150,0.0,0.445433,0.4758018,0.45893344,0.47620317,0.677318,0.6736971,0.6833877,0.6813635,0.36293423,0.29302073,0.29359508,0.31325528,296.0257506327321,0.0,0.009
11925,1788750,0.25215155,0.13305403,0.19761786,0.20479074,150,0.0,0.42827052,0.54708874,0.4828822,0.47638875,0.68042207,0.68014276,0.6805001,0.68117946,0.31214482,0.3413661,0.29978478,0.311074,303.42921052872725,0.0,0.007
12010,1801500,-0.0021096468,0.0979959,0.19095823,0.20392397,150,0.0,0.66147137,0.58820164,0.49134314,0.47738072,0.6593617,0.6861976,0.68230146,0.6813047,0.3591831,0.3102277,0.30057123,0.3088173,262.20004525967425,0.0,0.007
12087,1813050,-0.018500865,0.22414216,0.16541903,0.19877668,150,0.0,0.6888042,0.45020437,0.5156169,0.4823393,0.67030334,0.67434657,0.68103594,0.681116,0.3254119,0.29195166,0.3068391,0.30816773,296.689960948792,0.0,0.007
12163,1824450,0.08036417,0.19537322,0.1896455,0.19907185,150,0.0,0.57686156,0.49077,0.49193993,0.4821555,0.6572257,0.6861433,0.68158555,0.68122727,0.2465616,0.32194498,0.2923977,0.30513728,309.92577296023427,0.0,0.008
12241,1836150,0.23634228,0.16142717,0.20097685,0.19972377,150,0.0,0.44708887,0.5186742,0.47900528,0.48161128,0.68343115,0.6801013,0.67998207,0.6813351,0.32170638,0.2603133,0.28611064,0.30116412,286.5462813169516,0.0,0.01
12321,1848150,0.119276345,0.17260452,0.20248407,0.20052218,150,0.0,0.5468249,0.4984332,0.4798167,0.48102847,0.6661012,0.6710378,0.6823008,0.6815507,0.29736176,0.29476437,0.29480973,0.29920074,283.95493337630035,0.0,0.013
12396,1859400,0.3295217,0.2045835,0.21607494,0.20145856,150,0.0,0.37856337,0.4814005,0.46467757,0.4798842,0.70808506,0.68598396,0.6807525,0.6813428,0.23741874,0.24255712,0.28658524,0.2975883,292.78014879469043,0.0,0.013
12113,1816950,0.08908522,0.0,0.0,0.0,150,0.0,3084,462600,0.5901721,0.67999077,0.67999077,0.67999077,0.67925733,0.67999077,0.67999077,0.67999077,28187,1483.6276924610138,0.27855366,0.67999077,0.67999077,0.67999077,26.546272651936967,0.0,nan
12458,1868700,-0.04011923,0.056173224,0.056173224,0.056173224,150,0.0,3172,475800,0.70913273,0.6370788,0.6370788,0.6370788,0.6690135,0.693252,0.693252,0.693252,28799,1518.6676626205444,0.63523376,0.5637905,0.5637905,0.5637905,24.128501130785715,0.0,0.0
12749,1912350,-0.014266789,-3.8335722e-05,-3.8335722e-05,-3.8335722e-05,150,0.0,3246,486900,0.6832803,0.689081,0.689081,0.689081,0.6690135,0.6890426,0.6890426,0.6890426,29296,1547.202665090561,0.32868192,0.5069368,0.5069368,0.5069368,24.026283330042098,0.0,0.0
12824,1923600,0.13826984,0.066240035,0.12114684,0.12114684,150,0.0,3264,489600,0.56914693,0.6103763,0.5617642,0.5617642,0.7074168,0.6766164,0.68291104,0.68291104,29297,1547.202665090561,0.2989301,0.25868174,0.30577517,0.30577517,280.76052876080723,0.0,0.07228915662650602
12903,1935450,0.44323772,0.12508184,0.12507008,0.12378343,150,0.0,3284,492600,0.22406505,0.5545162,0.55443925,0.55737627,0.6673028,0.67959803,0.6795093,0.68115973,29475,1557.8222603797913,0.22406505,0.31359142,0.29233655,0.30299017,303.1181178842145,0.0,0.043478260869565216
12986,1947900,0.33834195,0.25500357,0.16216095,0.13548294,150,6.0,3306,495900,0.3383559,0.4264589,0.520734,0.5466543,0.67669785,0.68146247,0.6828948,0.68213725,29667,1567.9849216938019,0.16371873,0.22095087,0.29335344,0.29934812,274.15029807489935,0.0,0.05907172995780591
13062,1959300,0.25718,0.18141115,0.1953385,0.15437911,150,0.0,3325,498750,0.44140616,0.5014108,0.4881258,0.52786946,0.69858617,0.6828219,0.6834643,0.68224853,29850,1578.437752008438,0.18748103,0.21941178,0.24910675,0.28455102,290.07094258616087,0.0,0.06389776357827476
13137,1970550,0.34024817,0.18886468,0.19937351,0.16338919,150,0.0,3342,501300,0.31362903,0.49674898,0.48466808,0.51932263,0.6538772,0.68561363,0.6840416,0.6827118,30015,1587.785950422287,0.28555122,0.21972695,0.20838065,0.26763576,276.6502722989418,0.0,0.08226221079691516
13214,1982100,0.25408813,0.3133296,0.22524045,0.17546608,150,0.0,3361,504150,0.45946893,0.3688753,0.45630482,0.50693727,0.71355706,0.6822049,0.6815452,0.6824033,30205,1598.2627460956573,0.27533633,0.19273451,0.21225414,0.25750983,274.88239372836455,0.0,0.11538461538461539
13294,1994100,0.36356556,0.24475606,0.25648537,0.18683448,150,0.0,3383,507450,0.29276758,0.4312201,0.42261544,0.49496004,0.65633315,0.67597616,0.67910075,0.6817946,30394,1608.4315345287323,0.15290152,0.16419116,0.18597488,0.2460248,295.7906831982759,0.0,0.14495412844036698
13377,2006550,0.16537708,0.21815388,0.26937136,0.19804747,150,73.0,3403,510450,0.5417592,0.4518898,0.41246533,0.4837933,0.7071363,0.6700437,0.6818367,0.6818408,30577,1618.5641169548035,0.05776875,0.11314573,0.13666196,0.23062296,309.13283493719274,1.0,0.2128
13455,2018250,0.60747784,0.2694089,0.2797666,0.20811437,150,95.0,3421,513150,0.077610485,0.4224721,0.40479916,0.47421873,0.68508834,0.69188106,0.6845658,0.68233305,30757,1628.1249749660492,0.05419412,0.13746166,0.11729217,0.21838455,297.9908037353431,1.0,0.26874115983026875
13542,2031300,0.3234683,0.27104205,0.27337325,0.21581721,150,68.0,3444,516600,0.34167972,0.40098816,0.40522662,0.4659901,0.665148,0.6720302,0.67859995,0.6818073,30973,1639.55881357193,0.055362385,0.08474436,0.15402062,0.21171695,294.1353906513708,1.0,0.30798479087452474
13620,2043000,0.111349225,0.24852386,0.2595905,0.2207354,150,0.0,3465,519750,0.5729846,0.4262669,0.42115998,0.46103418,0.6843338,0.67479074,0.6807505,0.6817696,31148,1648.9253318309784,0.060739413,0.14903918,0.14498208,0.20544486,293.4419019216696,1.0,0.33256616800920596
13704,2055600,0.6062924,0.49095005,0.3278848,0.22988638,150,0.0,3486,522900,0.057363193,0.19958363,0.35675606,0.45220733,0.66365564,0.69053376,0.6846409,0.6820937,31343,1659.3126711845398,0.05711518,0.050126843,0.1209976,0.19825907,270.8788263543283,1.0,0.3659305993690852
13784,2067600,0.52077115,0.22157428,0.2600764,0.23502833,150,0.0,3503,525450,0.19379841,0.46114334,0.4216261,0.4469682,0.71456957,0.6827177,0.68170244,0.6819966,31537,1669.6353108882904,0.08707695,0.17907032,0.1536188,0.18913536,272.88722910065644,1.0,0.393
13861,2079150,0.59321976,0.18099257,0.2663795,0.24750543,150,30.0,3525,528750,0.066048935,0.5037311,0.4186845,0.4346894,0.6592687,0.6847237,0.6850641,0.6821948,31713,1678.875197649002,0.066048935,0.1779543,0.15555187,0.17846106,270.9215185490924,1.0,0.439
13942,2091300,0.27293333,0.2943608,0.22760554,0.25347513,150,0.0,3546,531900,0.39109346,0.37890387,0.45417178,0.42873162,0.6640268,0.6732646,0.68177736,0.68220675,31910,1689.3909599781036,0.24322167,0.11191835,0.16716541,0.16733819,298.55488271026996,0.0,0.491
14028,2104200,0.48285225,0.29580593,0.24950823,0.25853646,150,7.0,3565,534750,0.17511508,0.3838992,0.43144447,0.4234469,0.6579673,0.67970514,0.6809528,0.68198335,32101,1699.607978105545,0.061751526,0.16399242,0.15943667,0.15862769,306.0091343745288,1.0,0.539
14117,2117550,0.020699024,0.19711784,0.24627548,0.26218548,150,0.0,3588,538200,0.65019697,0.4842886,0.43620768,0.41966045,0.670896,0.68140644,0.68248314,0.6818459,32315,1711.093563079834,0.059865624,0.094023585,0.16717987,0.15491991,290.4310125156492,1.0,0.57
14204,2130600,0.55042386,0.19524989,0.25627893,0.26560682,150,96.0,3610,541500,0.120039776,0.4868483,0.42565933,0.4162716,0.6704636,0.6820982,0.68193835,0.68187845,32509,1721.2772524356842,0.04699769,0.23137505,0.15868795,0.15166736,294.4649653744409,1.0,0.601
14275,2141250,0.09406984,0.26798126,0.27266052,0.2672765,150,0.0,3628,544200,0.57585293,0.41340986,0.40986425,0.41491544,0.66992277,0.6813911,0.6825248,0.6821919,32682,1730.592042684555,0.056645624,0.13275105,0.1487615,0.14702865,323.4249406249036,1.0,0.632
14362,2154300,0.004390061,0.23772514,0.3120351,0.270959,150,0.0,3650,547500,0.6791546,0.44493538,0.3683109,0.41108742,0.68354464,0.6826605,0.6803461,0.6820464,32890,1741.8885517120361,0.27402085,0.099997364,0.111024626,0.14464077,300.32034712625574,0.0,0.647
14443,2166450,0.3128366,0.2496789,0.26752672,0.268497,150,0.0,3669,550350,0.40090597,0.42965811,0.41469902,0.41335315,0.71374255,0.679337,0.68222564,0.68185014,33079,1752.3078453540802,0.05139895,0.09451277,0.10535522,0.14412755,286.46591070524426,1.0,0.647
14514,2177100,0.0036842823,0.19442372,0.29208288,0.268345,150,0.0,3689,553350,0.6829748,0.48475447,0.3879044,0.4135379,0.6866591,0.67917824,0.6799873,0.6818829,33256,1761.646959066391,0.14688565,0.094161436,0.10486761,0.1405997,324.851591636775,0.0,0.657
14594,2189100,0.5354233,0.36893624,0.2946211,0.27202666,150,9.0,3708,556200,0.14993311,0.31598282,0.38684037,0.410087,0.6853564,0.6849191,0.6814614,0.68211365,33431,1771.1510910987854,0.08927496,0.062072486,0.11582467,0.13912787,323.84996811150626,1.0,0.669
14683,2202450,0.45555988,0.29368263,0.28879824,0.26908964,150,0.0,3731,559650,0.23371789,0.3929127,0.39465034,0.41281742,0.68927777,0.6865953,0.6834486,0.68190706,33640,1782.4615495204926,0.056390755,0.1071585,0.115835145,0.1384621,287.09677713760027,1.0,0.674
14754,2213100,0.30678362,0.37861595,0.32184288,0.27283147,150,0.0,3748,562200,0.39611793,0.29787406,0.35881263,0.4089932,0.70290154,0.67648995,0.6806556,0.6818246,33812,1791.7817642688751,0.37478486,0.09506048,0.10572368,0.13555436,314.07828374224783,0.0,0.679
14843,2226450,0.5728294,0.255346,0.23693484,0.26886246,150,0.0,3771,565650,0.08860904,0.4273235,0.44442013,0.41277418,0.66143847,0.6826695,0.68135506,0.68163663,34019,1803.0159394741058,0.08860904,0.09867201,0.13257866,0.13356946,295.04453953924616,0.0,0.683
14920,2238000,0.6463792,0.3516683,0.29455194,0.27373976,150,72.0,3788,568200,0.066707514,0.32786968,0.38636306,0.40785515,0.71308666,0.6795379,0.68091506,0.68159497,34204,1813.1813280582428,0.05166381,0.12118977,0.121325366,0.13195932,298.1729875137559,1.0,0.686
14997,2249550,0.56087124,0.39171526,0.32873097,0.28105387,150,32.0,3808,571200,0.15107706,0.2871571,0.35403267,0.40085652,0.7119483,0.6788724,0.6827636,0.6819104,34371,1822.3686261177063,0.07076238,0.10280459,0.11027015,0.12578905,287.8819673391357,1.0,0.707
15079,2261850,0.62376034,0.36856169,0.30185178,0.2854406,150,28.0,3830,574500,0.079605006,0.3139375,0.38111004,0.39643022,0.7033653,0.6824991,0.6829619,0.6818709,34578,1833.5835590362549,0.049601987,0.059169997,0.1068371,0.12118787,299.41164237107694,1.0,0.709
15160,2274000,0.5880513,0.34605324,0.3288307,0.28980136,150,57.0,3849,577350,0.085823685,0.33515012,0.35341725,0.3918803,0.673875,0.68120337,0.68224794,0.68168163,34746,1843.0197558403015,0.085823685,0.06221496,0.07575097,0.11611309,272.9951002428183,1.0,0.733
15235,2285250,0.59295976,0.3825271,0.34464437,0.29651266,150,32.0,3868,580200,0.085692845,0.29187208,0.33381602,0.3848619,0.6786526,0.67439926,0.6784603,0.6813745,34933,1853.2274844646454,0.047639646,0.062056255,0.09060048,0.11078827,285.2301737234597,1.0,0.742
15316,2297400,0.27007955,0.4234299,0.3555904,0.29968736,150,0.0,3888,583200,0.43640852,0.25121933,0.32483804,0.38168934,0.7064881,0.67464924,0.68042845,0.6813767,35117,1863.4624772071838,0.16379006,0.07168741,0.09265899,0.10900343,273.4956655100492,0.0,0.745
15396,2309400,0.22748071,0.3076951,0.3014118,0.30143207,150,98.0,3909,586350,0.43496197,0.3761163,0.37634972,0.37979248,0.6624427,0.6838114,0.67776155,0.68122447,35304,1873.8081848621368,0.05543397,0.13378727,0.11290045,0.10938078,273.4899588512429,1.0,0.743
15474,2321100,0.4782417,0.32302925,0.3790989,0.31041142,150,21.0,3928,589200,0.20008191,0.3589416,0.30238423,0.37059692,0.6783236,0.68197095,0.68148315,0.68100834,35491,1884.1411464214325,0.044006687,0.09098899,0.095002964,0.10916879,287.15666133716485,1.0,0.741
15554,2333100,0.5829972,0.3581583,0.37863988,0.3187323,150,0.0,3948,592200,0.12168942,0.31436658,0.30213293,0.36240286,0.70468664,0.67252487,0.6807728,0.6811351,35693,1895.4353861808777,0.07935909,0.08658815,0.0951726,0.106700286,287.26548648726396,1.0,0.74
15629,2344350,0.5827259,0.16163503,0.31329533,0.32013762,150,25.0,3966,594900,0.093229555,0.5213636,0.3665752,0.36083728,0.6759554,0.6829988,0.6798704,0.6809749,35845,1903.8765490055084,0.05391667,0.20142308,0.12956025,0.107906446,278.7304352371961,1.0,0.726
15714,2357100,0.23074275,0.30846062,0.32331517,0.3239557,150,0.0,3987,598050,0.43763024,0.37293023,0.35956573,0.35714495,0.668373,0.6813908,0.68288076,0.68110067,36056,1915.297610759735,0.07316101,0.13887796,0.12861599,0.10879882,286.7599522329283,1.0,0.719
15792,2368800,0.52560693,0.46885508,0.3821073,0.33083287,150,10.0,4006,600900,0.18210389,0.20620377,0.29942796,0.3502563,0.7077108,0.6750589,0.68153524,0.6810891,36246,1925.8498713970184,0.066778734,0.06318557,0.08378464,0.104555465,266.53979653612345,1.0,0.736
15870,2380500,0.55328214,0.28375286,0.373951,0.3402134,150,0.0,4026,603900,0.13494505,0.39182758,0.30683854,0.34103963,0.6882272,0.67558044,0.6807896,0.68125296,36436,1936.3568387031555,0.08274496,0.07332918,0.070325375,0.10072696,269.9443802992214,1.0,0.746
15951,2392650,0.55998,0.2912391,0.37508404,0.34711072,150,84.0,4046,606900,0.11144922,0.38325888,0.3048468,0.3338177,0.6714292,0.67449796,0.67993087,0.68092847,36621,1946.7603595256805,0.054723952,0.18413761,0.11970977,0.101460434,270.11892356974215,1.0,0.737
16030,2404500,0.50199,0.32839507,0.3776989,0.3476632,150,40.0,4066,609900,0.16199349,0.3517026,0.30324736,0.33326074,0.6639835,0.6800977,0.68094635,0.68092394,36808,1957.307763338089,0.043721795,0.07487657,0.08964032,0.10024626,282.5105378088093,1.0,0.748
16103,2415450,0.61080194,0.34655267,0.36613426,0.3565677,150,33.0,4085,612750,0.097110406,0.33864573,0.31540626,0.32432574,0.7079123,0.68519837,0.6815404,0.6808935,36976,1966.725020647049,0.051998924,0.13151656,0.08393823,0.09822717,296.58226791915786,1.0,0.754
16181,2427150,0.60122544,0.29372,0.36281693,0.3597155,150,42.0,4105,615750,0.073987596,0.38643268,0.32198876,0.3216711,0.67521304,0.6801526,0.6848057,0.6813866,37162,1977.1360292434692,0.05302346,0.1385863,0.09748828,0.09844792,279.27979356722005,1.0,0.756
16263,2439450,0.060857534,0.36032525,0.32662216,0.35598925,150,0.0,4124,618600,0.6422835,0.3145537,0.353047,0.32518744,0.70314103,0.67487895,0.67966914,0.68117666,37351,1987.431292295456,0.082019776,0.117531955,0.09987983,0.09948943,301.63810557575334,1.0,0.748
16340,2451000,0.6022617,0.37469256,0.36251286,0.35919148,150,15.0,4143,621450,0.09795903,0.3019089,0.31772768,0.32225338,0.70022076,0.6766015,0.6802406,0.6814448,37518,1996.6871693134308,0.07384211,0.06906462,0.09092352,0.09767193,275.48432861308885,1.0,0.769
16423,2463450,0.5910385,0.4018941,0.37897682,0.36197516,150,8.0,4165,624750,0.1181363,0.28987956,0.3040516,0.31984016,0.7091748,0.6917736,0.6830284,0.6818153,37719,2007.8971207141876,0.07006495,0.076670334,0.08734432,0.09739102,291.01324104474094,1.0,0.783
16496,2474400,0.5753674,0.3468819,0.36976212,0.36038756,150,26.0,4184,627600,0.10073597,0.33173734,0.31251153,0.32144725,0.67610335,0.6786192,0.6822736,0.6818348,37888,2017.1172585487366,0.060894594,0.14076295,0.113922775,0.0998206,262.59117088141346,1.0,0.781
16573,2485950,0.31925538,0.2848638,0.3144014,0.3556111,150,0.0,4202,630300,0.35333565,0.39621538,0.3679058,0.32645154,0.67259103,0.6810792,0.6823071,0.6820626,38076,2027.4963595867157,0.08650103,0.10227165,0.12462709,0.10020644,308.8179769986305,1.0,0.789
16656,2498400,0.57309276,0.23922446,0.25207505,0.35496277,150,55.0,4224,633600,0.08499895,0.4480571,0.42864144,0.326936,0.6580917,0.6872816,0.68071645,0.68189883,38261,2037.813794851303,0.06091816,0.30076322,0.1538233,0.100815706,304.6220171865831,1.0,0.803
16735,2510250,0.33191368,0.34515345,0.28348398,0.34668323,150,0.0,4243,636450,0.37472913,0.33455318,0.39749736,0.33500832,0.7066428,0.6797067,0.6809813,0.6816916,38447,2048.1070165634155,0.15511455,0.059190087,0.13265608,0.10193236,312.1794760468865,0.0,0.81
16817,2522550,0.5113498,0.38524997,0.3302513,0.3438927,150,61.0,4263,639450,0.14857358,0.2959376,0.34975356,0.33767614,0.6599234,0.68118757,0.6800049,0.68156886,38636,2058.370373249054,0.07444637,0.12785229,0.10607143,0.10408249,285.87079994402046,1.0,0.815
16900,2535000,0.6099218,0.43955255,0.39654696,0.34792084,150,93.0,4284,642600,0.069010116,0.24548082,0.28384703,0.3334657,0.67893195,0.6850333,0.680394,0.6813865,38843,2069.9133880138397,0.06189107,0.070396766,0.08734598,0.10251561,303.76279346882495,1.0,0.821
16975,2546250,0.5896685,0.3873322,0.371292,0.34461042,150,17.0,4304,645600,0.124524966,0.2914365,0.3091049,0.3366401,0.71419346,0.67876875,0.680397,0.6812505,39015,2079.4128742218018,0.07289163,0.10715685,0.086363144,0.10196806,301.8308593568221,1.0,0.835
17058,2558700,0.60475904,0.46410504,0.4013164,0.34714246,150,46.0,4324,648600,0.056009624,0.21307802,0.28054392,0.33423626,0.6607687,0.677183,0.68186027,0.6813787,39208,2089.8961176872253,0.056009624,0.102481365,0.08732516,0.10214513,275.1528844349803,1.0,0.835
17135,2570250,0.5539592,0.27964514,0.4081105,0.34858796,150,9.0,4344,651600,0.15345217,0.40480286,0.27396753,0.33275086,0.70741135,0.68444806,0.6820781,0.68133885,39384,2099.4232547283173,0.08957187,0.10256145,0.09717506,0.10339834,291.0661520290573,1.0,0.848
17216,2582400,0.5950357,0.40951592,0.39029503,0.35596663,150,77.0,4364,654600,0.06748852,0.27121106,0.29007038,0.32520258,0.6625242,0.68072695,0.6803654,0.6811692,39571,2109.6390101909637,0.052632246,0.099711284,0.09019753,0.10196272,293.78213228063197,1.0,0.858
17298,2594700,0.53353834,0.32958826,0.39430678,0.3596437,150,8.0,4384,657600,0.13022591,0.34592986,0.28554818,0.32169697,0.66376424,0.67551816,0.679855,0.6813407,39762,2120.26904463768,0.053854782,0.08885795,0.083030045,0.100741826,294.7938981945358,1.0,0.867
17381,2607150,0.5768754,0.42632455,0.351963,0.3606172,150,3.0,4405,660750,0.08764957,0.25231463,0.3261122,0.3202224,0.664525,0.6786392,0.6780752,0.6808396,39966,2131.449368238449,0.08764957,0.086512215,0.079556465,0.099030115,297.8288614114484,1.0,0.872
17455,2618250,0.592754,0.30712956,0.34660298,0.3548847,150,20.0,4424,663600,0.097474135,0.36852896,0.3345013,0.32589746,0.69022816,0.6756585,0.6811043,0.68078214,40132,2140.6781730651855,0.06311678,0.06394096,0.106908105,0.10078357,281.20652140876444,1.0,0.851
17538,2630700,0.4968508,0.302392,0.30264828,0.35138404,150,30.0,4443,666450,0.17243575,0.38309556,0.38124838,0.32973313,0.66928655,0.68548757,0.68389666,0.6811172,40336,2152.037520170212,0.13670655,0.2088968,0.12483843,0.10199877,306.07151075307786,0.0,0.847
